{
	"display": {
		"icon": {
			"item": "minecraft:diamond_pickaxe",
			"nbt": "{Damage:1560}"
		},
		"title": "Durability Ping   ",
		"description": ["",{"text":"Alerts the player when their tool's durability is under 2%.\n","color":"gold"},{"text":"Enter","color":"green"},{"text":" ","color":"gold"},{"text":"/trigger dp_help","color":"yellow"},{"text":" for config.","color":"gold"}],
		"show_toast": false,
		"announce_to_chat": false
	},
    "parent": "vanillatweaks:root",
	"criteria": {
		"tick": {
			"trigger": "minecraft:tick"
		}
	}
}
